Layer,	Type,	Cycle Total (Cycles),	Time Total (Secs),	Throughput (Frames/sec)	
Conv1,	GEMM,	13668.0,	3.417e-05,	29265.4375182909,	
Conv2,	GEMM,	53107.0,	0.0001327675,	7531.96377125426,	
FC3,	GEMM,	639504.0,	0.00159876,	625.4847506817783,	
FC4,	GEMM,	470.0,	1.175e-06,	851063.8297872341,	
a_16_ut_4,	All,	706749.0,	0.0017668725,	565.9717947956063,	
